{
 "shape": [
  224,
  224,
  96
 ],
 "min": [
  900342.4798583984,
  6417831.648193359,
  1674.4008331298828
 ],
 "max": [
  902303.7798309326,
  6419810.148094177,
  2597.2008056640625
 ],
 "sigma_max": 0.030000001192092896,
 "rgb_max": 0.481689453125
}