{
 "shape": [
  508,
  512,
  239
 ],
 "min": [
  900342.5104980469,
  6417831.654052734,
  1674.3682861328125
 ],
 "max": [
  902303.7815856934,
  6419810.128051758,
  2597.18701171875
 ],
 "sigma_max": 0.030000001192092896,
 "rgb_max": 0.485595703125
}