{
 "shape": [
  223,
  224,
  139
 ],
 "min": [
  994947.1073608398,
  6483929.272583008,
  2231.2298736572266
 ],
 "max": [
  996075.8752441406,
  6485062.960998535,
  2937.2269592285156
 ],
 "sigma_max": 0.0012000000569969416,
 "rgb_max": 8.383296966552734,
 "encoding": "sqrt"
}