{
 "object": "Anneau de nuage",
 "min": [
  -1739.0693359375,
  -2053.8939208984375,
  235.7674560546875
 ],
 "max": [
  222.2017478942871,
  -75.4200439453125,
  1158.586181640625
 ],
 "shape": [
  508,
  512,
  239
 ],
 "frame": "blend-world",
 "shader": {
  "color": [
   0.8687373399734497,
   0.8687373399734497,
   0.8687373399734497
  ],
  "density_input": 0.30000001192092896,
  "anisotropy": -0.30909091234207153,
  "emission_strength": 0.0,
  "emission_color": [
   1.0,
   1.0,
   1.0
  ]
 },
 "displace": {
  "strength": 200.0,
  "mid_level": [
   0.0,
   0.0,
   0.5
  ],
  "texture": "CLOUDS BLENDER_ORIGINAL"
 }
}